names,instances
https://akvoflow-101.s3.amazonaws.com/surveys/,snvimprovedcookstoves
https://akvoflow-102.s3.amazonaws.com/surveys/,fiji-dws
https://akvoflow-106.s3.amazonaws.com/surveys/,asia
https://akvoflow-108.s3.amazonaws.com/surveys/,nef
https://akvoflow-109.s3.amazonaws.com/surveys/,akfindiasanitation
https://akvoflow-10.s3.amazonaws.com/surveys/,icco
https://akvoflow-110.s3.amazonaws.com/surveys/,1wash-salone
https://akvoflow-113.s3.amazonaws.com/surveys/,worldveg
https://akvoflow-117.s3.amazonaws.com/surveys/,emw
https://akvoflow-120.s3.amazonaws.com/surveys/,snvsolar
https://akvoflow-121.s3.amazonaws.com/surveys/,snvinclusivebusiness
https://akvoflow-122.s3.amazonaws.com/surveys/,sn4all
https://akvoflow-123.s3.amazonaws.com/surveys/,oye
https://akvoflow-124.s3.amazonaws.com/surveys/,snvfrws
https://akvoflow-125.s3.amazonaws.com/surveys/,snvuwss
https://akvoflow-126.s3.amazonaws.com/surveys/,snvushhd
https://akvoflow-127.s3.amazonaws.com/surveys/,resilientvaluechains
https://akvoflow-128.s3.amazonaws.com/surveys/,balancing-benefits
https://akvoflow-129.s3.amazonaws.com/surveys/,marsfood
https://akvoflow-132.s3.amazonaws.com/surveys/,unwomen-pacific
https://akvoflow-133.s3.amazonaws.com/surveys/,proportionfoundation
https://akvoflow-136.s3.amazonaws.com/surveys/,greencoffee
https://akvoflow-137.s3.amazonaws.com/surveys/,smartseeds
https://akvoflow-140.s3.amazonaws.com/surveys/,watershed
https://akvoflow-142.s3.amazonaws.com/surveys/,lacprogram
https://akvoflow-145.s3.amazonaws.com/surveys/,malaria
https://akvoflow-14.s3.amazonaws.com/surveys/,cwsa
https://akvoflow-152.s3.amazonaws.com/surveys/,agriml021
https://akvoflow-153.s3.amazonaws.com/surveys/,sustharvintl
https://akvoflow-154.s3.amazonaws.com/surveys/,labosomagep
https://akvoflow-156.s3.amazonaws.com/surveys/,pipep-rca
https://akvoflow-160.s3.amazonaws.com/surveys/,abfn
https://akvoflow-161.s3.amazonaws.com/surveys/,plan
https://akvoflow-163.s3.amazonaws.com/surveys/,d2dsouthasia
https://akvoflow-165.s3.amazonaws.com/surveys/,iucn
https://akvoflow-166.s3.amazonaws.com/surveys/,udumamali
https://akvoflow-167.s3.amazonaws.com/surveys/,neertamba
https://akvoflow-168.s3.amazonaws.com/surveys/,americas
https://akvoflow-170.s3.amazonaws.com/surveys/,nabu
https://akvoflow-172.s3.amazonaws.com/surveys/,pilaep
https://akvoflow-173.s3.amazonaws.com/surveys/,om4d
https://akvoflow-174.s3.amazonaws.com/surveys/,galaxyrice
https://akvoflow-176.s3.amazonaws.com/surveys/,gietrenk
https://akvoflow-177.s3.amazonaws.com/surveys/,spiceup
https://akvoflow-178.s3.amazonaws.com/surveys/,angkorsalad
https://akvoflow-17.s3.amazonaws.com/surveys/,washconsortiumliberia
https://akvoflow-180.s3.amazonaws.com/surveys/,dfat-png-scf
https://akvoflow-181.s3.amazonaws.com/surveys/,appsazambia
https://akvoflow-182.s3.amazonaws.com/surveys/,maep
https://akvoflow-183.s3.amazonaws.com/surveys/,wellsoflife
https://akvoflow-184.s3.amazonaws.com/surveys/,fasokoom
https://akvoflow-185.s3.amazonaws.com/surveys/,tintometer
https://akvoflow-186.s3.amazonaws.com/surveys/,ci-elasmo
https://akvoflow-187.s3.amazonaws.com/surveys/,aguaconsult
https://akvoflow-189.s3.amazonaws.com/surveys/,anu
https://akvoflow-18.s3.amazonaws.com/surveys/,ethiopianwi
https://akvoflow-191.s3.amazonaws.com/surveys/,lesotho
https://akvoflow-192.s3.amazonaws.com/surveys/,ahtmali
https://akvoflow-193.s3.amazonaws.com/surveys/,jinov
https://akvoflow-194.s3.amazonaws.com/surveys/,idh
https://akvoflow-195.s3.amazonaws.com/surveys/,apess
https://akvoflow-196.s3.amazonaws.com/surveys/,scpda-srdc
https://akvoflow-197.s3.amazonaws.com/surveys/,favenhomes
https://akvoflow-198.s3.amazonaws.com/surveys/,2scale
https://akvoflow-199.s3.amazonaws.com/surveys/,ci-fiji
https://akvoflow-201.s3.amazonaws.com/surveys/,ecosia
https://akvoflow-202.s3.amazonaws.com/surveys/,dignitypasifik
https://akvoflow-203.s3.amazonaws.com/surveys/,greendeal
https://akvoflow-204.s3.amazonaws.com/surveys/,uncdf-bf
https://akvoflow-205.s3.amazonaws.com/surveys/,mdi
https://akvoflow-206.s3.amazonaws.com/surveys/,johannas
https://akvoflow-23.s3.amazonaws.com/surveys/,welthungerhilfe
https://akvoflow-27.s3.amazonaws.com/surveys/,snape
https://akvoflow-35.s3.amazonaws.com/surveys/,maep-old
https://akvoflow-37.s3.amazonaws.com/surveys/,ssh4a
https://akvoflow-40.s3.amazonaws.com/surveys/,nlrc
https://akvoflow-41.s3.amazonaws.com/surveys/,edukans
https://akvoflow-44.s3.amazonaws.com/surveys/,agriprofocus
https://akvoflow-45.s3.amazonaws.com/surveys/,westafrica
https://akvoflow-52.s3.amazonaws.com/surveys/,da-mha-mauritanie
https://akvoflow-59.s3.amazonaws.com/surveys/,pacificwash
https://akvoflow-60.s3.amazonaws.com/surveys/,caddisfly
https://akvoflow-61.s3.amazonaws.com/surveys/,tiipaalga-co2logic
https://akvoflow-62.s3.amazonaws.com/surveys/,seap
https://akvoflow-67.s3.amazonaws.com/surveys/,helvetas
https://akvoflow-70.s3.amazonaws.com/surveys/,aquaforall
https://akvoflow-71.s3.amazonaws.com/surveys/,sustineo
https://akvoflow-72.s3.amazonaws.com/surveys/,theadventureproject
https://akvoflow-73.s3.amazonaws.com/surveys/,lifewater
https://akvoflow-76.s3.amazonaws.com/surveys/,sendacow
https://akvoflow-7.s3.amazonaws.com/surveys/,wai
https://akvoflow-85.s3.amazonaws.com/surveys/,charitywater
https://akvoflow-87.s3.amazonaws.com/surveys/,dnhmali
https://akvoflow-88.s3.amazonaws.com/surveys/,iccoindia
https://akvoflow-89.s3.amazonaws.com/surveys/,biogas-programme
https://akvoflow-8.s3.amazonaws.com/surveys/,footballforwater
https://akvoflow-91.s3.amazonaws.com/surveys/,utz
https://akvoflow-93.s3.amazonaws.com/surveys/,tudelftwater
https://akvoflow-94.s3.amazonaws.com/surveys/,sig
https://akvoflow-207.s3.amazonaws.com/surveys/,zambia
https://akvoflow-208.s3.amazonaws.com/surveys/,tanzania
https://akvoflow-210.s3.amazonaws.com/surveys/,sat4business
https://akvoflow-211.s3.amazonaws.com/surveys/,thehungerproject
https://akvoflow-beta1.s3.amazonaws.com/surveys/,beta1
https://akvoflow-beta2.s3.amazonaws.com/surveys/,beta2
https://akvoflow-dev1.s3.amazonaws.com/surveys/,dev1
https://akvoflow-dev2.s3.amazonaws.com/surveys/,dev2
https://akvoflow-dev3.s3.amazonaws.com/surveys/,dev3
https://akvoflow-hub2.s3.amazonaws.com/surveys/,eastafrica
https://akvoflow-internal2.s3.amazonaws.com/surveys/,pilots
https://akvoflowsandbox.s3.amazonaws.com/surveys/,akvoflowsandbox
https://akvoflow-uat1.s3.amazonaws.com/surveys/,uat1
https://akvoflow-uat2.s3.amazonaws.com/surveys/,uat2
https://flowaglimmerofhope.s3.amazonaws.com/surveys/,flowaglimmerofhope
https://flowliberia.s3.amazonaws.com/surveys/,flowliberia
https://waterforpeople.s3.amazonaws.com/surveys/,wfp
https://akvoflow-213.s3.amazonaws.com/surveys/,isco
