Id,Dependency,DependencyAnswer,Question,Dropdown,Type,Options,Answers
1,,,"1. I agree to share the information provided in this survey. (Note we will not share your name, role or email address).",Personal Agreements,OPTIONS,"[{'v': 'YES', 's': 'Yes', 'i': '1#0'}, {'v': 'NO (Choosing this option means that your work cannot be included in the stocktake exercise. To exit the survey, choose ‘NO’, then click on the NEXT button at the bottom of the page and you will be directed to the debrief page where you will be able to click on finish to exit the survey).', 's': 'No', 'i': '1#1'}]",[1#0] Yes||[1#1] No
2,,,2. I will provide the answers that reflect the best of my knowledge and facts available to me.,Personal Agreements 2,OPTIONS,"[{'v': 'YES', 's': 'Yes', 'i': '2#0'}, {'v': 'NO (Choosing this option means that your work cannot be included in the stocktake exercise. To exit the survey, choose ‘NO’, then click on the NEXT button at the bottom of the page and you will be directed to the debrief page where you will be able to click on finish to exit the survey).', 's': 'No', 'i': '2#1'}]",[2#0] Yes||[2#1] No
3,,,"3. I have received adequate information about the survey and about my ethical rights as a participant, including my right to withdraw. I consent to take part in this research",Personal Agreements 3,OPTIONS,"[{'v': 'YES', 's': 'Yes', 'i': '3#0'}, {'v': 'NO (Choosing this option means that your work cannot be included in the stocktake exercise. To exit the survey, choose ‘NO’, then click on the NEXT button at the bottom of the page and you will be directed to the debrief page where you will be able to click on finish to exit the survey).', 's': 'No', 'i': '3#1'}]",[3#0] Yes||[3#1] No
4,,,4. Your name,Submitter,FREE,[],
4A,,,4.a. Your role,Role,FREE,[],
4B,,,4.b. Contact details (preferably e-mail address),Submitter Contact,FREE,[],
4C,,,4.c. Second/alternative contact detail.,Submitter Contact II,FREE,[],
4D,,,"4.d. Your organisation (If you are not affiliated with an organisation, please write 'not applicable').",Submitter Organisation,FREE,[],
5,,,5. Are you reporting as an individual or on behalf of an organisation? (Several reports from the same organisation or individual are welcome),Submitter Reporting,FREE,[],
5A,,,"5.a. If you selected Other, please specify:",Submitter Reporting Other,FREE,[],
5B,,,"5.b. On behalf of which organisation are you reporting here? (e.g. UNEP, FAO or name your specific private/public/third sector organisation).",Submitter Reporting Organisation,FREE,[],
6,,,6. Is this the first time that you have completed this survey?,First Reporting,FREE,[],
6A,,,6.a. How many Actions are you intending to tell us about?,Total Actions,NUMBER,[],
7,,,7. Please enter a name/title for this action/activity.,Activity Name,FREE,[],
8,,,"8. Please provide a very short summary of the action/activity (keywords or bullet points are fine, e.g. change to production, deposit return scheme etc.).",Activity Summary,FREE,[],
9,,,9. TYPE OF ACTION: What did the MAIN action/activity focus on? (Please tick ONE which best describes the action you are reporting).,Activity Type,OPTIONS,"[{'v': 'LEGISLATION, STANDARDS, RULES: e.g. agreeing new or changing rules or standards that others should comply with, new regulation, agreements, policies, economic instruments etc. including voluntary commitments.', 's': 'Legislation, Standards, Rules', 'i': '9#0'}, {'v': 'WORKING WITH PEOPLE: Encouraging or enabling others (e.g., education, training, communication, awareness raising, behaviour change programmes', 's': 'Working With People', 'i': '9#1'}, {'v': 'TECHNOLOGY and PROCESSES: New technical developments/innovation (e.g., research and development, new product design, new materials, processes etc.) changes in practice, operations, environmental management and planning.', 's': 'Technology & Processes', 'i': '9#2'}, {'v': 'MONITORING and ANALYSIS: Collecting evidence around plastic discharge to the ocean/waterways? (e.g. monitoring, analysis)', 's': 'Monitoring & Analysis', 'i': '9#3'}]","[9#0] Legislation, Standards, Rules||[9#1] Working With People||[9#2] Technology & Processes||[9#3] Monitoring & Analysis"
9A,,,"9.a. You have chosen legislation, standards, rules as the type of action. Specifically, what did the action involve? (Please tick ALL that apply).","Action Type: Legislation, Standards, Rules",OPTIONS,"[{'v': 'Official agreements', 's': 'Official Agreements', 'i': '9A#0'}, {'v': 'Policy change or development', 's': 'Policy Change / Development', 'i': '9A#1'}, {'v': 'High-level strategy', 's': 'High-level Strategy', 'i': '9A#2'}, {'v': 'Legislation or regulations Voluntary commitments', 's': 'Legislation / Regulations Voluntary Commitments', 'i': '9A#3'}, {'v': 'New standard(s) or guideline(s)', 's': ""New standard's / Guideline's"", 'i': '9A#4'}, {'v': 'Change in Taxes/Subsidies', 's': 'Change in Taxes / Subsidies', 'i': '9A#5'}, {'v': 'Subsidy/financial incentives', 's': 'Subsidy / Financial Incentives', 'i': '9A#6'}, {'v': 'Ban(s)', 's': ""Ban's"", 'i': '9A#7'}, {'v': 'Package of measures combining incentives and infrastructure (e.g. deposit reward schemes)', 's': 'Package of Measures Combining Incentives and Infrastructure', 'i': '9A#8'}, {'v': 'Other', 's': 'Other', 'i': '9A#9'}]",[9A#0] Official Agreements||[9A#1] Policy Change / Development||[9A#2] High-level Strategy||[9A#3] Legislation / Regulations Voluntary Commitments||[9A#4] New standard's / Guideline's||[9A#5] Change in Taxes / Subsidies||[9A#6] Subsidy / Financial Incentives||[9A#7] Ban's||[9A#8] Package of Measures Combining Incentives and Infrastructure||[9A#9] Other
9AI,,,"9.a.i. If you selected Other, please specify:","Action Type: Legislation, Standards, Rules Other",OTHER,[],
9B,,,"9.b. You’ve chosen “working with people” as the type of action. Specifically, what did the action involve? (Please tick ALL that apply):",Action Type: Working with People,OPTIONS,"[{'v': 'Awareness raising and Behaviour change', 's': 'Awareness Raising & Behaviour Change', 'i': '9B#0'}, {'v': 'Education/Training', 's': 'Education / Training', 'i': '9B#1'}, {'v': 'Workshops', 's': 'Workshops', 'i': '9B#2'}, {'v': 'Conferences', 's': 'Conferences', 'i': '9B#3'}, {'v': 'Other', 's': 'Other', 'i': '9B#4'}]",[9B#0] Awareness Raising & Behaviour Change||[9B#1] Education / Training||[9B#2] Workshops||[9B#3] Conferences||[9B#4] Other
9BI,,,"9.b.i. If you selected Other, please specify:",Action Type: Working with People Other,OTHER,[],
9BII,,,9.b.ii. Did the awareness raising and behaviour change action/activity involve: (Please tick ALL that apply).,Awarnes Raising & Behaviour Change Action,OPTIONS,"[{'v': 'Information campaign', 's': 'Information Campaign', 'i': '9BII#0'}, {'v': 'Behaviour change campaign/programme', 's': 'Behaviour Change Campaign', 'i': '9BII#1'}, {'v': 'Community Engagement', 's': 'Community Engagement', 'i': '9BII#2'}, {'v': 'Stakeholder', 's': 'Stakeholder', 'i': '9BII#3'}, {'v': 'Engagement', 's': 'Engagement', 'i': '9BII#4'}, {'v': 'Citizen Science', 's': 'Citizen Science', 'i': '9BII#5'}, {'v': 'Creative/arts event; exhibition', 's': 'Creative Arts Event / exhibition', 'i': '9BII#6'}, {'v': 'Other', 's': 'Other', 'i': '9BII#7'}]",[9BII#0] Information Campaign||[9BII#1] Behaviour Change Campaign||[9BII#2] Community Engagement||[9BII#3] Stakeholder||[9BII#4] Engagement||[9BII#5] Citizen Science||[9BII#6] Creative Arts Event / exhibition||[9BII#7] Other
9BIIA,,,"9.b.ii.a. If you selected Other, please specify:",Awarnes Raising & Behaviour Change Action Other,OTHER,[],
9BIII,,,9.b.iii. Did the Education/Training action/activity involve: (Please tick ALL that apply),Education & Training Activity Involvement,OPTIONS,"[{'v': 'Curriculum development', 's': 'Curriculum Development', 'i': '9BIII#0'}, {'v': 'Professional skills training', 's': 'Professional Skills Training', 'i': '9BIII#1'}, {'v': 'Other training programmes', 's': 'Other Training Programmes', 'i': '9BIII#2'}, {'v': 'Life-long learning', 's': 'Life-long Learning', 'i': '9BIII#3'}, {'v': 'Institutional development', 's': 'Institutional development', 'i': '9BIII#4'}, {'v': 'Other', 's': 'Other', 'i': '9BIII#5'}]",[9BIII#0] Curriculum Development||[9BIII#1] Professional Skills Training||[9BIII#2] Other Training Programmes||[9BIII#3] Life-long Learning||[9BIII#4] Institutional development||[9BIII#5] Other
9BIIIA,,,"9.b.iii.a. If you selected Other, please specify:",Education & Training Activity Involvement Other,OTHER,[],
9BIIIB,,,9.b.iii.b. Did the curriculum development involve: (Please tick ALL that apply),Curriculum Develoment Involvement,OPTIONS,"[{'v': 'Primary school', 's': 'Primary School', 'i': '9BIIIB#0'}, {'v': 'Secondary school', 's': 'Secondary School', 'i': '9BIIIB#1'}, {'v': 'Tertiary higher education', 's': 'Tertiary Higher Education', 'i': '9BIIIB#2'}, {'v': 'Other', 's': 'Other', 'i': '9BIIIB#3'}]",[9BIIIB#0] Primary School||[9BIIIB#1] Secondary School||[9BIIIB#2] Tertiary Higher Education||[9BIIIB#3] Other
9BIIIBI,,,"9.b.iii.b.i. If you selected Other, please specify:",Curriculum Develoment Involvement Other,OTHER,[],
9C,,,"9.c. You’ve chosen “technology and processes” as the type of action. Specifically, what did the action involve? (Please tick ALL that apply):",Action Type: Technology and Processes,OPTIONS,"[{'v': 'New product design', 's': 'New Product Design', 'i': '9C#0'}, {'v': 'Change in service provision', 's': 'Change in Service Provision', 'i': '9C#1'}, {'v': 'Environmental social planning', 's': 'Environmental Social Planning', 'i': '9C#2'}, {'v': 'Change in practice', 's': 'Change in Practice', 'i': '9C#3'}, {'v': 'Change in operations', 's': 'Change in Operations', 'i': '9C#4'}, {'v': 'Industrial or production standard', 's': 'Industrial or Production Standard', 'i': '9C#5'}, {'v': 'Different environmental management of land based environments', 's': 'Different Land Based Environmental Management', 'i': '9C#6'}, {'v': 'Different environmental management of aquatic environments', 's': 'Different Equatic Environmental Management', 'i': '9C#7'}, {'v': 'Research and Development', 's': 'Research and Development', 'i': '9C#8'}, {'v': 'New infrastructure', 's': 'New Infrastructure', 'i': '9C#9'}, {'v': 'The use of compostable plastic', 's': 'Compostable Plastic Usage', 'i': '9C#10'}, {'v': 'The use of bio-based plastic', 's': 'Bio-Based Plastic Usage', 'i': '9C#11'}, {'v': 'The use of biodegradable plastic', 's': 'Biodegradable Plastic Usage', 'i': '9C#12'}, {'v': 'Other', 's': 'Other', 'i': '9C#13'}]",[9C#0] New Product Design||[9C#1] Change in Service Provision||[9C#2] Environmental Social Planning||[9C#3] Change in Practice||[9C#4] Change in Operations||[9C#5] Industrial or Production Standard||[9C#6] Different Land Based Environmental Management||[9C#7] Different Equatic Environmental Management||[9C#8] Research and Development||[9C#9] New Infrastructure||[9C#10] Compostable Plastic Usage||[9C#11] Bio-Based Plastic Usage||[9C#12] Biodegradable Plastic Usage||[9C#13] Other
9CI,,,"9.c.i. If you selected Other, please specify:",Action Type: Technology and Processes Other,OTHER,[],
9CII,,,9.c.ii. Did the research and development involve (Please tick ALL that apply):,Research Develoment Involvement,OPTIONS,"[{'v': 'Reducing the environmental impact', 's': 'Reducing The Environmental Impact', 'i': '9CII#0'}, {'v': 'Developing a new material', 's': 'Developing A New Material', 'i': '9CII#1'}, {'v': 'Developing a new process', 's': 'Developing A New Process', 'i': '9CII#2'}, {'v': 'Manufacturing and Production', 's': 'Manufacturing And Production', 'i': '9CII#3'}, {'v': 'Standards', 's': 'Standards', 'i': '9CII#4'}, {'v': 'Waste Management', 's': 'Waste Management', 'i': '9CII#5'}, {'v': 'Compostable plastic', 's': 'Compostable Plastic', 'i': '9CII#6'}, {'v': 'Bio-based plastic', 's': 'Bio-Based Plastic', 'i': '9CII#7'}, {'v': 'Bio-degradable pastic', 's': 'Bio-Degradable Pastic', 'i': '9CII#8'}, {'v': 'Other', 's': 'Other', 'i': '9CII#9'}]",[9CII#0] Reducing The Environmental Impact||[9CII#1] Developing A New Material||[9CII#2] Developing A New Process||[9CII#3] Manufacturing And Production||[9CII#4] Standards||[9CII#5] Waste Management||[9CII#6] Compostable Plastic||[9CII#7] Bio-Based Plastic||[9CII#8] Bio-Degradable Pastic||[9CII#9] Other
9CIIA,,,"9.c.ii.a. If you selected Other, please specify:",Research Develoment Involvement Other,OTHER,[],
9D,,,"9.d. You’ve chosen “monitoring and analysis” as the type of action. Specifically, what did the action involve? (Please tick ALL that apply and if a specific protocol was used, please state it e.g. OSPAR, NOAA, Beachwatch, EU-MSFD, Clean Seas, UNEP, Ocean Conservancy etc.):",Action Type: Monitoring & Analysis,OPTIONS,"[{'v': 'Monitoring: On or near ocean surface', 's': 'Monitoring: On Or Near Ocean Surface', 'i': '9D#0'}, {'v': 'Monitoring: Water column', 's': 'Monitoring: Water Column', 'i': '9D#1'}, {'v': 'Monitoring: On the seafloor', 's': 'Monitoring: On The Seafloor', 'i': '9D#2'}, {'v': 'Monitoring: On the shoreline', 's': 'Monitoring: On The Shoreline', 'i': '9D#3'}, {'v': 'Monitoring: In Biota', 's': 'Monitoring: In Biota', 'i': '9D#4'}, {'v': 'Monitoring: Air', 's': 'Monitoring: Air', 'i': '9D#5'}, {'v': 'Review and synthesis :Environmental', 's': 'Review And Synthesis :Environmental', 'i': '9D#6'}, {'v': 'Review and synthesis: Economic', 's': 'Review And Synthesis: Economic', 'i': '9D#7'}, {'v': 'Review and synthesis: Materials', 's': 'Review And Synthesis: Materials', 'i': '9D#8'}, {'v': 'Other', 's': 'Other', 'i': '9D#9'}]",[9D#0] Monitoring: On Or Near Ocean Surface||[9D#1] Monitoring: Water Column||[9D#2] Monitoring: On The Seafloor||[9D#3] Monitoring: On The Shoreline||[9D#4] Monitoring: In Biota||[9D#5] Monitoring: Air||[9D#6] Review And Synthesis :Environmental||[9D#7] Review And Synthesis: Economic||[9D#8] Review And Synthesis: Materials||[9D#9] Other
9DI,,,"9.d.i. If you selected Other, please specify:",Action Type: Monitoring & Analysis Other,OTHER,[],
9DII,,,"9.d.ii. For monitoring on or near ocean surfaces, which programme/protocol did you use?",Programme / Protocol - Ocean Surfaces,FREE,[],
9DIII,,,"9.d.iii. For monitoring of the water column, which programme/protocol did you use?",Programme / Protocol - Water Column,FREE,[],
9DIV,,,"9.d.iv. For monitoring on the seafloor, which programme/protocol did you use?",Programme / Protocol - Seafloor,FREE,[],
9DV,,,"9.d.v. For monitoring on the shoreline, which programme/protocol did you use?",Programme / Protocol - Shoreline,FREE,[],
9DVI,,,"9.d.vi. For monitoring in Biota, which programme/protocol did you use?",Programme / Protocol - Biota,FREE,[],
9DVII,,,"9.d.vii. For air monitoring, which programme/protocol did you use?",Programme / Protocol - Air Monitoring,FREE,[],
9DVIII,,,9.d.viii. How can the data and information from your monitoring programme be accessed?,Data Information Access: Monitoring Programme,OPTIONS,"[{'v': 'It is freely available and open source', 's': 'It Is Freely Available And Open Source', 'i': '9DVIII#0'}, {'v': 'It is available on request', 's': 'It Is Available On Request', 'i': '9DVIII#1'}, {'v': 'It is not available', 's': 'It Is Not Available', 'i': '9DVIII#2'}]",[9DVIII#0] It Is Freely Available And Open Source||[9DVIII#1] It Is Available On Request||[9DVIII#2] It Is Not Available
9DVIIIA,,,"9.d.viii.a. If the monitoring data is available on request, please provide information on how to access the data?",Monitoring Information Request Access,FREE,[],
9DVIIIB,,,9.d.viii.b. Please provide the URL's for any links to the monitoring data and information.,Monitoring Information URL,FREE,[],
10,,,"10. TYPE OF ACTION: Whilst you already selected the focus of your action/activity in Question 9, did the action/activity also involve other aspects (please tick which ones below):",Type of Action,OPTIONS,"[{'v': 'LEGISLATION, STANDARDS, RULES: e.g. agreeing new or changing rules or standards that others should comply with, new regulation, agreements, policies, economic instruments etc. including voluntary commitments', 's': 'Legislation, Standards, Rules', 'i': '10#0'}, {'v': 'WORKING WITH PEOPLE: Encouraging or enabling others (e.g., education, training, communication, awareness raising, behaviour change programmes)', 's': 'Working With People', 'i': '10#1'}, {'v': 'TECHNOLOGY and PROCESSES: New technical developments/innovation (e.g., research and development, new product design, new materials, processes etc.), changes in practice, operations, environmental management and planning', 's': 'Technology And Processes', 'i': '10#2'}, {'v': 'MONITORING and ANALYSIS: Collecting evidence around plastic discharge to the ocean/waterways? (e.g. monitoring, analysis)', 's': 'Monitoring And Analysis', 'i': '10#3'}]","[10#0] Legislation, Standards, Rules||[10#1] Working With People||[10#2] Technology And Processes||[10#3] Monitoring And Analysis"
11,,,11. What is the organisation's role regarding this action: [ACTION],Organisation Role of Action,OPTIONS,"[{'v': 'We are only reporting it here', 's': 'Reporting', 'i': '11#0'}, {'v': 'I/We developed it', 's': 'Developing', 'i': '11#1'}, {'v': 'I/We are implementing it', 's': 'Implementing', 'i': '11#2'}, {'v': 'We are the funding body', 's': 'Funding', 'i': '11#3'}, {'v': 'Other', 's': 'Other', 'i': '11#4'}]",[11#0] Reporting||[11#1] Developing||[11#2] Implementing||[11#3] Funding||[11#4] Other
11A,,,"11.a. If you selected Other, please specify:",Organisation Role of Action Other,OTHER,[],
12,,,12. Who is responsible for the action implementation?,Action Implementor,OPTIONS,"[{'v': 'PUBLIC ADMINISTRATION (organisations concerned with government policies and programmes)', 's': 'Public Administration', 'i': '12#0'}, {'v': 'PRIVATE SECTOR ORGANISATION (for-profit organisations run by individuals and groups, free from government ownership).', 's': 'Private Sector Organisation', 'i': '12#1'}, {'v': 'THIRD SECTOR (e.g. non-governmental and non-profit-making organisations, including charity groups, community groups etc).', 's': 'Third Sector', 'i': '12#2'}, {'v': 'Other', 's': 'Other', 'i': '12#3'}]",[12#0] Public Administration||[12#1] Private Sector Organisation||[12#2] Third Sector||[12#3] Other
12A,,,"12.a. If you selected Other, please specify:",Action Implementor Other,OTHER,[],
12B,,,12.b. Is the Public Administration body a........,Public Administration Body,OPTIONS,"[{'v': 'International body', 's': 'International Body', 'i': '12B#0'}, {'v': 'National ministry/agency', 's': 'National Ministry / Agency', 'i': '12B#1'}, {'v': 'Sub-national ministry/agency', 's': 'Sub-National Ministry / Agency', 'i': '12B#2'}, {'v': 'Other', 's': 'Other', 'i': '12B#3'}]",[12B#0] International Body||[12B#1] National Ministry / Agency||[12B#2] Sub-National Ministry / Agency||[12B#3] Other
12BI,,,"12.b.i. If you selected Other, please specify:",Public Administration Body Other,OTHER,[],
12C,,,12.c. Is the Private sector organisation a........,Private Sector Organisation,OPTIONS,"[{'v': 'Multinational Corporation', 's': 'Multinational Corporation', 'i': '12C#0'}, {'v': 'National Corporation', 's': 'National Corporation', 'i': '12C#1'}, {'v': 'Small-medium sized enterprise', 's': 'Small-Medium Sized Enterprise', 'i': '12C#2'}, {'v': 'Other', 's': 'Other', 'i': '12C#3'}]",[12C#0] Multinational Corporation||[12C#1] National Corporation||[12C#2] Small-Medium Sized Enterprise||[12C#3] Other
12CI,,,"12.c.i. If you selected Other, please specify:",Private Sector Organisation Other,OTHER,[],
12D,,,12.d. Is the third sector organisation a......,Third Sector Organisation,OPTIONS,"[{'v': 'Non-governmental organisation', 's': 'Non-Governmental Organisation', 'i': '12D#0'}, {'v': 'Community based organisation', 's': 'Community Based Organisation', 'i': '12D#1'}, {'v': 'Educational sector', 's': 'Educational Sector', 'i': '12D#2'}, {'v': 'Other', 's': 'Other', 'i': '12D#3'}]",[12D#0] Non-Governmental Organisation||[12D#1] Community Based Organisation||[12D#2] Educational Sector||[12D#3] Other
12DI,,,"12.d.i. If you selected Other, please specify:",Third Sector Organisation Other,OTHER,[],
13,,,13. Reporting and evaluations: Do you report on the action?,Reporting & Evaluations,OPTIONS,"[{'v': 'Yes', 's': 'Yes', 'i': '13#0'}, {'v': 'No', 's': 'No', 'i': '13#1'}, {'v': 'Not applicable', 's': 'Not Applicable', 'i': '13#2'}]",[13#0] Yes||[13#1] No||[13#2] Not Applicable
13A,,,13.a. You answered that you do report on the action. Is this because:,Reporting & Evaluations Reason,OPTIONS,"[{'v': 'There is a mandatory reporting mechanism', 's': 'There Is A Mandatory Reporting Mechanism', 'i': '13A#0'}, {'v': 'Reporting is voluntary', 's': 'Reporting Is Voluntary', 'i': '13A#1'}, {'v': 'Other', 's': 'Other', 'i': '13A#2'}]",[13A#0] There Is A Mandatory Reporting Mechanism||[13A#1] Reporting Is Voluntary||[13A#2] Other
13AI,,,"13.a.i. If you selected Other, please specify:",Reporting & Evaluations Reason Other,OTHER,[],
13B,,,13.b. You answered that you do not report on the action. Is this because:,No Reporting & Evaluations Reason,OPTIONS,"[{'v': 'There is no reporting mechanism', 's': 'No Reporting Mechanism', 'i': '13B#0'}, {'v': 'Reporting is voluntary', 's': 'Voluntary Reporting', 'i': '13B#1'}, {'v': 'There is not enough resource to support reporting', 's': 'Not Enough Reporting Resource', 'i': '13B#2'}, {'v': 'Reporting is too effortful', 's': 'Too Effortful', 'i': '13B#3'}, {'v': 'Other', 's': 'Other', 'i': '13B#4'}]",[13B#0] No Reporting Mechanism||[13B#1] Voluntary Reporting||[13B#2] Not Enough Reporting Resource||[13B#3] Too Effortful||[13B#4] Other
13BI,,,"13.b.i. If you selected Other, please specify:",No Reporting & Evaluations Reason Other,OTHER,[],
14,,,14. Are the actual outcomes and impacts of the action evaluated?,Evaluation of Actual Outcomes & Impacts,OPTIONS,"[{'v': 'Yes', 's': 'Yes', 'i': '14#0'}, {'v': 'No', 's': 'No', 'i': '14#1'}, {'v': 'Other', 's': 'Other', 'i': '14#2'}]",[14#0] Yes||[14#1] No||[14#2] Other
14A,,,"14.a. If you selected Other, please specify:",Evaluation of Actual Outcomes & Impacts Other,OTHER,[],
15,,,15. What’s the geographical focus of the action?,Geographical Focus,OPTIONS,"[{'v': 'Global (it covers the whole world)', 's': 'Global', 'i': '15#0'}, {'v': 'Regional (UN Regions)', 's': 'UN Regions', 'i': '15#1'}, {'v': 'Transnational (several countries are involved, including bilateral)', 's': 'Transnational', 'i': '15#2'}, {'v': 'National (it covers one entire country)', 's': 'National', 'i': '15#3'}, {'v': 'Sub-national (it covers parts of one country)', 's': 'Sub-National', 'i': '15#4'}, {'v': 'Other', 's': 'Other', 'i': '15#5'}]",[15#0] Global||[15#1] UN Regions||[15#2] Transnational||[15#3] National||[15#4] Sub-National||[15#5] Other
15A,,,"15.a. If you selected Other, please specify:",Geographical Focus Other,OTHER,[],
16,,,16. In which member state(s) does the action take place?,Country,OPTIONS,"[{'v': 'All', 's': 'All', 'i': '16#0'}, {'v': 'Afghanistan', 's': 'Afghanistan', 'i': '16#1'}, {'v': 'Albania', 's': 'Albania', 'i': '16#2'}, {'v': 'Algeria', 's': 'Algeria', 'i': '16#3'}, {'v': 'Andorra', 's': 'Andorra', 'i': '16#4'}, {'v': 'Angola', 's': 'Angola', 'i': '16#5'}, {'v': 'Antigua and Barbuda', 's': 'Antigua and Barbuda', 'i': '16#6'}, {'v': 'Argentina', 's': 'Argentina', 'i': '16#7'}, {'v': 'Armenia', 's': 'Armenia', 'i': '16#8'}, {'v': 'Australia', 's': 'Australia', 'i': '16#9'}, {'v': 'Austria', 's': 'Austria', 'i': '16#10'}, {'v': 'Azerbaijan', 's': 'Azerbaijan', 'i': '16#11'}, {'v': 'Bahamas', 's': 'Bahamas', 'i': '16#12'}, {'v': 'Bahrain', 's': 'Bahrain', 'i': '16#13'}, {'v': 'Bangladesh', 's': 'Bangladesh', 'i': '16#14'}, {'v': 'Barbados', 's': 'Barbados', 'i': '16#15'}, {'v': 'Belarus', 's': 'Belarus', 'i': '16#16'}, {'v': 'Belgium', 's': 'Belgium', 'i': '16#17'}, {'v': 'Belize', 's': 'Belize', 'i': '16#18'}, {'v': 'Benin', 's': 'Benin', 'i': '16#19'}, {'v': 'Bhutan', 's': 'Bhutan', 'i': '16#20'}, {'v': 'Bolivia', 's': 'Bolivia (Plurinational State of)', 'i': '16#21'}, {'v': 'Bosnia and Herzegovina', 's': 'Bosnia and Herzegovina', 'i': '16#22'}, {'v': 'Botswana', 's': 'Botswana', 'i': '16#23'}, {'v': 'Brazil', 's': 'Brazil', 'i': '16#24'}, {'v': 'Brunei Darussalam', 's': 'Brunei Darussalam', 'i': '16#25'}, {'v': 'Bulgaria', 's': 'Bulgaria', 'i': '16#26'}, {'v': 'Burkina Faso', 's': 'Burkina Faso', 'i': '16#27'}, {'v': 'Burundi', 's': 'Burundi', 'i': '16#28'}, {'v': 'Cabo Verde', 's': 'Cabo Verde', 'i': '16#29'}, {'v': 'Cambodia', 's': 'Cambodia', 'i': '16#30'}, {'v': 'Cameroon', 's': 'Cameroon', 'i': '16#31'}, {'v': 'Canada', 's': 'Canada', 'i': '16#32'}, {'v': 'Central Africa Republic', 's': 'Central Africa Republic', 'i': '16#33'}, {'v': 'Chad', 's': 'Chad', 'i': '16#34'}, {'v': 'Chile', 's': 'Chile', 'i': '16#35'}, {'v': 'China', 's': 'China', 'i': '16#36'}, {'v': 'Colombia', 's': 'Colombia', 'i': '16#37'}, {'v': 'Comoros', 's': 'Comoros', 'i': '16#38'}, {'v': 'Congo', 's': 'Congo', 'i': '16#39'}, {'v': 'Cost Rica', 's': 'Costa Rica', 'i': '16#40'}, {'v': ""Cote D'Ivoire"", 's': ""Cote D'Ivoire"", 'i': '16#41'}, {'v': 'Croatia', 's': 'Croatia', 'i': '16#42'}, {'v': 'Cuba', 's': 'Cuba', 'i': '16#43'}, {'v': 'Cyprus', 's': 'Cyprus', 'i': '16#44'}, {'v': 'Czech Republic', 's': 'Czech Republic', 'i': '16#45'}, {'v': ""Democratic People's Republic of Korea"", 's': ""Democratic People's Republic of Korea"", 'i': '16#46'}, {'v': 'Democratic Republic of Congo', 's': 'Democratic Republic of the Congo', 'i': '16#47'}, {'v': 'Denmark', 's': 'Denmark', 'i': '16#48'}, {'v': 'Djibouti', 's': 'Djibouti', 'i': '16#49'}, {'v': 'Dominca', 's': 'Dominca', 'i': '16#50'}, {'v': 'Dominican Republic', 's': 'Dominican Republic', 'i': '16#51'}, {'v': 'Ecuador', 's': 'Ecuador', 'i': '16#52'}, {'v': 'Egypt', 's': 'Egypt', 'i': '16#53'}, {'v': 'El Salvador', 's': 'El Salvador', 'i': '16#54'}, {'v': 'Equatorial Guinea', 's': 'Equatorial Guinea', 'i': '16#55'}, {'v': 'Eritrea', 's': 'Eritrea', 'i': '16#56'}, {'v': 'Estonia', 's': 'Estonia', 'i': '16#57'}, {'v': 'Eswatini', 's': 'Eswatini', 'i': '16#58'}, {'v': 'Ethiopia', 's': 'Ethiopia', 'i': '16#59'}, {'v': 'Fiji', 's': 'Fiji', 'i': '16#60'}, {'v': 'Finland', 's': 'Finland', 'i': '16#61'}, {'v': 'France', 's': 'France', 'i': '16#62'}, {'v': 'Gabon', 's': 'Gabon', 'i': '16#63'}, {'v': 'Gambia (Republic of The)', 's': 'Gambia', 'i': '16#64'}, {'v': 'Georgia', 's': 'Georgia', 'i': '16#65'}, {'v': 'Germany', 's': 'Germany', 'i': '16#66'}, {'v': 'Ghana', 's': 'Ghana', 'i': '16#67'}, {'v': 'Greece', 's': 'Greece', 'i': '16#68'}, {'v': 'Grenada', 's': 'Grenada', 'i': '16#69'}, {'v': 'Guatemala', 's': 'Guatemala', 'i': '16#70'}, {'v': 'Guinea', 's': 'Guinea', 'i': '16#71'}, {'v': 'Guinea Bissau', 's': 'Guinea-Bissau', 'i': '16#72'}, {'v': 'Guyana', 's': 'Guyana', 'i': '16#73'}, {'v': 'Haiti', 's': 'Haiti', 'i': '16#74'}, {'v': 'Honduras', 's': 'Honduras', 'i': '16#75'}, {'v': 'Hungary', 's': 'Hungary', 'i': '16#76'}, {'v': 'Iceland', 's': 'Iceland', 'i': '16#77'}, {'v': 'India', 's': 'India', 'i': '16#78'}, {'v': 'Indonesia', 's': 'Indonesia', 'i': '16#79'}, {'v': 'Iran (Islamic Republic of)', 's': 'Iran (Islamic Republic of)', 'i': '16#80'}, {'v': 'Iraq', 's': 'Iraq', 'i': '16#81'}, {'v': 'Ireland', 's': 'Ireland', 'i': '16#82'}, {'v': 'Israel', 's': 'Israel', 'i': '16#83'}, {'v': 'Italy', 's': 'Italy', 'i': '16#84'}, {'v': 'Jamaica', 's': 'Jamaica', 'i': '16#85'}, {'v': 'Japan', 's': 'Japan', 'i': '16#86'}, {'v': 'Jordan', 's': 'Jordan', 'i': '16#87'}, {'v': 'Kazakhstan', 's': 'Kazakhstan', 'i': '16#88'}, {'v': 'Kenya', 's': 'Kenya', 'i': '16#89'}, {'v': 'Kiribati', 's': 'Kiribati', 'i': '16#90'}, {'v': 'Kuwait', 's': 'Kuwait', 'i': '16#91'}, {'v': 'Kyrgyzstan', 's': 'Kyrgyzstan', 'i': '16#92'}, {'v': ""Lao People's Democratic Republic"", 's': ""Lao People's Democratic Republic"", 'i': '16#93'}, {'v': 'Latvia', 's': 'Latvia', 'i': '16#94'}, {'v': 'Lebanon', 's': 'Lebanon', 'i': '16#95'}, {'v': 'Lesotho', 's': 'Lesotho', 'i': '16#96'}, {'v': 'Liberia', 's': 'Liberia', 'i': '16#97'}, {'v': 'Libya', 's': 'Libya', 'i': '16#98'}, {'v': 'Liechtenstein', 's': 'Liechtenstein', 'i': '16#99'}, {'v': 'Lithuania', 's': 'Lithuania', 'i': '16#100'}, {'v': 'Luxembourg', 's': 'Luxembourg', 'i': '16#101'}, {'v': 'Madagascar', 's': 'Madagascar', 'i': '16#102'}, {'v': 'Malawi', 's': 'Malawi', 'i': '16#103'}, {'v': 'Malaysia', 's': 'Malaysia', 'i': '16#104'}, {'v': 'Maldives', 's': 'Maldives', 'i': '16#105'}, {'v': 'Mali', 's': 'Mali', 'i': '16#106'}, {'v': 'Malta', 's': 'Malta', 'i': '16#107'}, {'v': 'Marshall Islands', 's': 'Marshall Islands', 'i': '16#108'}, {'v': 'Mauritania', 's': 'Mauritania', 'i': '16#109'}, {'v': 'Mauritius', 's': 'Mauritius', 'i': '16#110'}, {'v': 'Mexico', 's': 'Mexico', 'i': '16#111'}, {'v': 'Micronesia (Federated States of)', 's': 'Micronesia (Federated States of)', 'i': '16#112'}, {'v': 'Monaco', 's': 'Monaco', 'i': '16#113'}, {'v': 'Mongolia', 's': 'Mongolia', 'i': '16#114'}, {'v': 'Montenegro', 's': 'Montenegro', 'i': '16#115'}, {'v': 'Morocco', 's': 'Morocco', 'i': '16#116'}, {'v': 'Mazambique', 's': 'Mozambique', 'i': '16#117'}, {'v': 'Myanmar', 's': 'Myanmar', 'i': '16#118'}, {'v': 'Namibia', 's': 'Namibia', 'i': '16#119'}, {'v': 'Naura', 's': 'Nauru', 'i': '16#120'}, {'v': 'Nepal', 's': 'Nepal', 'i': '16#121'}, {'v': 'Netherlands', 's': 'Netherlands', 'i': '16#122'}, {'v': 'New Zealand', 's': 'New Zealand', 'i': '16#123'}, {'v': 'Nicaragua', 's': 'Nicaragua', 'i': '16#124'}, {'v': 'Niger', 's': 'Niger', 'i': '16#125'}, {'v': 'Nigeria', 's': 'Nigeria', 'i': '16#126'}, {'v': 'North Macedonia', 's': 'North Macedonia', 'i': '16#127'}, {'v': 'Norway', 's': 'Norway', 'i': '16#128'}, {'v': 'Oman', 's': 'Oman', 'i': '16#129'}, {'v': 'Pakistan', 's': 'Pakistan', 'i': '16#130'}, {'v': 'Palau', 's': 'Palau', 'i': '16#131'}, {'v': 'Panama', 's': 'Panama', 'i': '16#132'}, {'v': 'Papua New Guinea', 's': 'Papua New Guinea', 'i': '16#133'}, {'v': 'Paraguay', 's': 'Paraguay', 'i': '16#134'}, {'v': 'Peru', 's': 'Peru', 'i': '16#135'}, {'v': 'Philippines', 's': 'Philippines', 'i': '16#136'}, {'v': 'Poland', 's': 'Poland', 'i': '16#137'}, {'v': 'Portugal', 's': 'Portugal', 'i': '16#138'}, {'v': 'Qatar', 's': 'Qatar', 'i': '16#139'}, {'v': 'Republic of Korea', 's': 'Republic of Korea', 'i': '16#140'}, {'v': 'Republic of Moldova', 's': 'Republic of Moldova', 'i': '16#141'}, {'v': 'Romania', 's': 'Romania', 'i': '16#142'}, {'v': 'Russian Federation', 's': 'Russian Federation', 'i': '16#143'}, {'v': 'Rwanda', 's': 'Rwanda', 'i': '16#144'}, {'v': 'Saint Kitts and Nevis', 's': 'Saint Kitts and Nevis', 'i': '16#145'}, {'v': 'Saint Lucia', 's': 'Saint Lucia', 'i': '16#146'}, {'v': 'Saint Vincent and the Grenadines', 's': 'Saint Vincent and the Grenadines', 'i': '16#147'}, {'v': 'Samoa', 's': 'Samoa', 'i': '16#148'}, {'v': 'San Marino', 's': 'San Marino', 'i': '16#149'}, {'v': 'Sao Tome and Principe', 's': 'Sao Tome and Principe', 'i': '16#150'}, {'v': 'Saudi Arabia', 's': 'Saudi Arabia', 'i': '16#151'}, {'v': 'Senegal', 's': 'Senegal', 'i': '16#152'}, {'v': 'Serbia', 's': 'Serbia', 'i': '16#153'}, {'v': 'Seychelles', 's': 'Seychelles', 'i': '16#154'}, {'v': 'Sierra Leone', 's': 'Sierra Leone', 'i': '16#155'}, {'v': 'Singapore', 's': 'Singapore', 'i': '16#156'}, {'v': 'Slovakia', 's': 'Slovakia', 'i': '16#157'}, {'v': 'Slovenia', 's': 'Slovenia', 'i': '16#158'}, {'v': 'Solomon Islands', 's': 'Solomon Islands', 'i': '16#159'}, {'v': 'Somalia', 's': 'Somalia', 'i': '16#160'}, {'v': 'South Africa', 's': 'South Africa', 'i': '16#161'}, {'v': 'South Sudan', 's': 'South Sudan', 'i': '16#162'}, {'v': 'Spain', 's': 'Spain', 'i': '16#163'}, {'v': 'Sri lanka', 's': 'Sri lanka', 'i': '16#164'}, {'v': 'Sudan', 's': 'Sudan', 'i': '16#165'}, {'v': 'Suriname', 's': 'Suriname', 'i': '16#166'}, {'v': 'Sweden', 's': 'Sweden', 'i': '16#167'}, {'v': 'Switzerland', 's': 'Switzerland', 'i': '16#168'}, {'v': 'Syrian Arab Republic', 's': 'Syrian Arab Republic', 'i': '16#169'}, {'v': 'Tajikstan', 's': 'Tajikistan', 'i': '16#170'}, {'v': 'Thailand', 's': 'Thailand', 'i': '16#171'}, {'v': 'Timor-Leste', 's': 'Timor-Leste', 'i': '16#172'}, {'v': 'Togo', 's': 'Togo', 'i': '16#173'}, {'v': 'Tonga', 's': 'Tonga', 'i': '16#174'}, {'v': 'Trinidad and Tobago', 's': 'Trinidad and Tobago', 'i': '16#175'}, {'v': 'Tunisia', 's': 'Tunisia', 'i': '16#176'}, {'v': 'Turkey', 's': 'Turkey', 'i': '16#177'}, {'v': 'Turkmenistan', 's': 'Turkmenistan', 'i': '16#178'}, {'v': 'Tuvalu', 's': 'Tuvalu', 'i': '16#179'}, {'v': 'Uganda', 's': 'Uganda', 'i': '16#180'}, {'v': 'Ukraine', 's': 'Ukraine', 'i': '16#181'}, {'v': 'United Arab Emirates', 's': 'United Arab Emirates', 'i': '16#182'}, {'v': 'United Kingdom of Great Britain and Northern Ireland', 's': 'United Kingdom of Great Britain and Northern Ireland', 'i': '16#183'}, {'v': 'United Republic of Tanzania', 's': 'United Republic of Tanzania', 'i': '16#184'}, {'v': 'United States of America', 's': 'United States of America', 'i': '16#185'}, {'v': 'Uruguay', 's': 'Uruguay', 'i': '16#186'}, {'v': 'Uzbekistan', 's': 'Uzbekistan', 'i': '16#187'}, {'v': 'Vanuatu', 's': 'Vanuatu', 'i': '16#188'}, {'v': 'Venezuela, Bolivarian Republic of', 's': 'Venezuela, Bolivarian Republic of', 'i': '16#189'}, {'v': 'Viet Nam', 's': 'Viet Nam', 'i': '16#190'}, {'v': 'Yemen', 's': 'Yemen', 'i': '16#191'}, {'v': 'Zambia', 's': 'Zambia', 'i': '16#192'}, {'v': 'Zimbabwe', 's': 'Zimbabwe', 'i': '16#193'}, {'v': 'Other', 's': 'Other', 'i': '16#194'}]","[16#0] All||[16#1] Afghanistan||[16#2] Albania||[16#3] Algeria||[16#4] Andorra||[16#5] Angola||[16#6] Antigua and Barbuda||[16#7] Argentina||[16#8] Armenia||[16#9] Australia||[16#10] Austria||[16#11] Azerbaijan||[16#12] Bahamas||[16#13] Bahrain||[16#14] Bangladesh||[16#15] Barbados||[16#16] Belarus||[16#17] Belgium||[16#18] Belize||[16#19] Benin||[16#20] Bhutan||[16#21] Bolivia (Plurinational State of)||[16#22] Bosnia and Herzegovina||[16#23] Botswana||[16#24] Brazil||[16#25] Brunei Darussalam||[16#26] Bulgaria||[16#27] Burkina Faso||[16#28] Burundi||[16#29] Cabo Verde||[16#30] Cambodia||[16#31] Cameroon||[16#32] Canada||[16#33] Central Africa Republic||[16#34] Chad||[16#35] Chile||[16#36] China||[16#37] Colombia||[16#38] Comoros||[16#39] Congo||[16#40] Costa Rica||[16#41] Cote D'Ivoire||[16#42] Croatia||[16#43] Cuba||[16#44] Cyprus||[16#45] Czech Republic||[16#46] Democratic People's Republic of Korea||[16#47] Democratic Republic of the Congo||[16#48] Denmark||[16#49] Djibouti||[16#50] Dominca||[16#51] Dominican Republic||[16#52] Ecuador||[16#53] Egypt||[16#54] El Salvador||[16#55] Equatorial Guinea||[16#56] Eritrea||[16#57] Estonia||[16#58] Eswatini||[16#59] Ethiopia||[16#60] Fiji||[16#61] Finland||[16#62] France||[16#63] Gabon||[16#64] Gambia||[16#65] Georgia||[16#66] Germany||[16#67] Ghana||[16#68] Greece||[16#69] Grenada||[16#70] Guatemala||[16#71] Guinea||[16#72] Guinea-Bissau||[16#73] Guyana||[16#74] Haiti||[16#75] Honduras||[16#76] Hungary||[16#77] Iceland||[16#78] India||[16#79] Indonesia||[16#80] Iran (Islamic Republic of)||[16#81] Iraq||[16#82] Ireland||[16#83] Israel||[16#84] Italy||[16#85] Jamaica||[16#86] Japan||[16#87] Jordan||[16#88] Kazakhstan||[16#89] Kenya||[16#90] Kiribati||[16#91] Kuwait||[16#92] Kyrgyzstan||[16#93] Lao People's Democratic Republic||[16#94] Latvia||[16#95] Lebanon||[16#96] Lesotho||[16#97] Liberia||[16#98] Libya||[16#99] Liechtenstein||[16#100] Lithuania||[16#101] Luxembourg||[16#102] Madagascar||[16#103] Malawi||[16#104] Malaysia||[16#105] Maldives||[16#106] Mali||[16#107] Malta||[16#108] Marshall Islands||[16#109] Mauritania||[16#110] Mauritius||[16#111] Mexico||[16#112] Micronesia (Federated States of)||[16#113] Monaco||[16#114] Mongolia||[16#115] Montenegro||[16#116] Morocco||[16#117] Mozambique||[16#118] Myanmar||[16#119] Namibia||[16#120] Nauru||[16#121] Nepal||[16#122] Netherlands||[16#123] New Zealand||[16#124] Nicaragua||[16#125] Niger||[16#126] Nigeria||[16#127] North Macedonia||[16#128] Norway||[16#129] Oman||[16#130] Pakistan||[16#131] Palau||[16#132] Panama||[16#133] Papua New Guinea||[16#134] Paraguay||[16#135] Peru||[16#136] Philippines||[16#137] Poland||[16#138] Portugal||[16#139] Qatar||[16#140] Republic of Korea||[16#141] Republic of Moldova||[16#142] Romania||[16#143] Russian Federation||[16#144] Rwanda||[16#145] Saint Kitts and Nevis||[16#146] Saint Lucia||[16#147] Saint Vincent and the Grenadines||[16#148] Samoa||[16#149] San Marino||[16#150] Sao Tome and Principe||[16#151] Saudi Arabia||[16#152] Senegal||[16#153] Serbia||[16#154] Seychelles||[16#155] Sierra Leone||[16#156] Singapore||[16#157] Slovakia||[16#158] Slovenia||[16#159] Solomon Islands||[16#160] Somalia||[16#161] South Africa||[16#162] South Sudan||[16#163] Spain||[16#164] Sri lanka||[16#165] Sudan||[16#166] Suriname||[16#167] Sweden||[16#168] Switzerland||[16#169] Syrian Arab Republic||[16#170] Tajikistan||[16#171] Thailand||[16#172] Timor-Leste||[16#173] Togo||[16#174] Tonga||[16#175] Trinidad and Tobago||[16#176] Tunisia||[16#177] Turkey||[16#178] Turkmenistan||[16#179] Tuvalu||[16#180] Uganda||[16#181] Ukraine||[16#182] United Arab Emirates||[16#183] United Kingdom of Great Britain and Northern Ireland||[16#184] United Republic of Tanzania||[16#185] United States of America||[16#186] Uruguay||[16#187] Uzbekistan||[16#188] Vanuatu||[16#189] Venezuela, Bolivarian Republic of||[16#190] Viet Nam||[16#191] Yemen||[16#192] Zambia||[16#193] Zimbabwe||[16#194] Other"
16A,,,"16.a. If you selected Other, please specify:",Country Other,OTHER,[],
17,,,17. Which specific place or area is your action targeting? (Please tick all that apply),Place / Area Target,OPTIONS,"[{'v': 'Source to Sea', 's': 'Source to Sea', 'i': '17#0'}, {'v': 'Mountains and upland area', 's': 'Mountains & Upland Area', 'i': '17#1'}, {'v': 'Agricultural land/soils', 's': 'Agricultural Land / Soils', 'i': '17#2'}, {'v': 'Entire water catchment', 's': 'Entire Water Catchment', 'i': '17#3'}, {'v': 'Forests or Mangroves', 's': 'Forests / Mangroves', 'i': '17#4'}, {'v': 'Freshwater rivers and lakes', 's': 'Freshwater Rivers & Lakes', 'i': '17#5'}, {'v': 'Urban environment', 's': 'Urban Environment', 'i': '17#6'}, {'v': 'Waste disposal sites', 's': 'Waste Disposal Sites', 'i': '17#7'}, {'v': 'Coastal zone', 's': 'Coastal Zone', 'i': '17#8'}, {'v': 'Maritime area within national jurisdiction', 's': 'Maritime Area Within National Jurisdiction', 'i': '17#9'}, {'v': 'Areas beyond national jurisdiction', 's': 'Areas Beyond National Jurisdiction', 'i': '17#10'}, {'v': 'Open ocean and high seas', 's': 'Open Ocean & High Seas', 'i': '17#11'}, {'v': 'Air', 's': 'Air', 'i': '17#12'}, {'v': 'All of the above', 's': 'All Of The Above', 'i': '17#13'}, {'v': 'Not applicable', 's': 'Not Applicable', 'i': '17#14'}, {'v': 'Other', 's': 'Other', 'i': '17#15'}]",[17#0] Source to Sea||[17#1] Mountains & Upland Area||[17#2] Agricultural Land / Soils||[17#3] Entire Water Catchment||[17#4] Forests / Mangroves||[17#5] Freshwater Rivers & Lakes||[17#6] Urban Environment||[17#7] Waste Disposal Sites||[17#8] Coastal Zone||[17#9] Maritime Area Within National Jurisdiction||[17#10] Areas Beyond National Jurisdiction||[17#11] Open Ocean & High Seas||[17#12] Air||[17#13] All Of The Above||[17#14] Not Applicable||[17#15] Other
17A,,,"17.a. If you selected Other, please specify:",Place / Area Target Other,OTHER,[],
18,,,18. Which specific part of the lifecycle/plastic supply chain is your action targeting? (Please tick all that apply),Lifecylcle / Plastic Supply Chain Target,OPTIONS,"[{'v': 'Life Cycle', 's': 'Life Cycle', 'i': '18#0'}, {'v': 'Raw materials', 's': 'Raw materials', 'i': '18#1'}, {'v': 'Design', 's': 'Design', 'i': '18#2'}, {'v': 'Production / Manufacture', 's': 'Production / Manufacture', 'i': '18#3'}, {'v': 'Use / consumption', 's': 'Consumption', 'i': '18#4'}, {'v': 'Collection / sorting of plastics after use', 's': 'Collection / Sorting of Used Plastics', 'i': '18#5'}, {'v': 'Management of collected plastics', 's': 'Management of Collected Plastics', 'i': '18#6'}, {'v': 'Clean-up of plastic from the environment', 's': 'Clean-up of Plastic from the Environment', 'i': '18#7'}, {'v': 'All of the above', 's': 'All of the Above', 'i': '18#8'}, {'v': 'Not applicable', 's': 'Not Applicable', 'i': '18#9'}, {'v': 'Other', 's': 'Other', 'i': '18#10'}]",[18#0] Life Cycle||[18#1] Raw materials||[18#2] Design||[18#3] Production / Manufacture||[18#4] Consumption||[18#5] Collection / Sorting of Used Plastics||[18#6] Management of Collected Plastics||[18#7] Clean-up of Plastic from the Environment||[18#8] All of the Above||[18#9] Not Applicable||[18#10] Other
18A,,,"18.a. If you selected Other, please specify:",Lifecylcle / Plastic Supply Chain Target Other,OTHER,[],
19,,,19. Does your action target the following? (Please tick all that apply),Action Targets,OPTIONS,"[{'v': 'Reducing plastics', 's': 'Reducing Plastics', 'i': '19#0'}, {'v': 'Reusing plastic', 's': 'Reusing Plastic', 'i': '19#1'}, {'v': 'Recycling plastics', 's': 'Recycling Plastics', 'i': '19#2'}, {'v': 'Not Applicable', 's': 'Not Applicable', 'i': '19#3'}, {'v': 'Other', 's': 'Other', 'i': '19#4'}]",[19#0] Reducing Plastics||[19#1] Reusing Plastic||[19#2] Recycling Plastics||[19#3] Not Applicable||[19#4] Other
19A,,,"19.a. If you selected Other, please specify:",Action Targets Other,OTHER,[],
20,,,20. What impacts or harms does the action relate to? (Please tick all that apply),Action Impact / Harms Relation,OPTIONS,"[{'v': 'Human health and wellbeing', 's': 'Human Health & Wellbeing', 'i': '20#0'}, {'v': 'Biodiversity', 's': 'Biodiversity', 'i': '20#1'}, {'v': 'Marine organisms', 's': 'Marine Organisms', 'i': '20#2'}, {'v': 'Ecosystem Services', 's': 'Ecosystem Services', 'i': '20#3'}, {'v': 'Food chain', 's': 'Food Chain', 'i': '20#4'}, {'v': 'Economics and Trade', 's': 'Economics and Trade', 'i': '20#5'}, {'v': 'All of the above', 's': 'All of the Above', 'i': '20#6'}, {'v': 'Not applicable', 's': 'Not Applicable', 'i': '20#7'}, {'v': 'Other', 's': 'Other', 'i': '20#8'}]",[20#0] Human Health & Wellbeing||[20#1] Biodiversity||[20#2] Marine Organisms||[20#3] Ecosystem Services||[20#4] Food Chain||[20#5] Economics and Trade||[20#6] All of the Above||[20#7] Not Applicable||[20#8] Other
20A,,,"20.a. If you selected Other, please specify:",Action Impact / Harms Relation Other,OTHER,[],
21,,,21. What types of items or contaminants does the action target?,Type of Items / Contaminants Target,OPTIONS,"[{'v': 'Macroplastic (large, more than 20 mm, e.g. plastic bottles)', 's': 'Macroplastic', 'i': '21#0'}, {'v': 'Microplastics (tiny plastic particles less than 5 mm in diameter, e.g., found in personal, care products/synthetic textiles)', 's': 'Microplastics', 'i': '21#1'}, {'v': 'Additives incorporated into plastic items', 's': 'Incorporated Additives Plastic', 'i': '21#2'}, {'v': 'Not applicable', 's': 'Not Applicable', 'i': '21#3'}, {'v': 'Other', 's': 'Other', 'i': '21#4'}]",[21#0] Macroplastic||[21#1] Microplastics||[21#2] Incorporated Additives Plastic||[21#3] Not Applicable||[21#4] Other
21A,,,"21.a. If you selected Other, please specify:",Type of Items / Contaminants Target Other,OTHER,[],
21B,,,21.b. What type of macroplastic contaminant does the action target? (Please tick all that apply),Type of Macroplastics Contaminants Target,OPTIONS,"[{'v': 'Bottles', 's': 'Bottles', 'i': '21B#0'}, {'v': 'Plastic bags', 's': 'Plastic Bags', 'i': '21B#1'}, {'v': 'Food packaging (containers, wrappers etc.)', 's': 'Food Packaging', 'i': '21B#2'}, {'v': 'Non-food packaging (containers, wrappers etc.)', 's': 'Non-food Packaging', 'i': '21B#3'}, {'v': 'Smoking related litter (cigarette butts and packets)', 's': 'Smoking Litter', 'i': '21B#4'}, {'v': 'Fishing related items', 's': 'Fishing Items', 'i': '21B#5'}, {'v': 'Shipping related items', 's': 'Shipping Items', 'i': '21B#6'}, {'v': 'Cups (e.g., disposable coffee cups)', 's': 'Cups', 'i': '21B#7'}, {'v': 'Plastic straws, stirrers, cutlery', 's': 'Plastic Straws, Stirrers, Cutlery', 'i': '21B#8'}, {'v': 'Sewage-related items (this could include cotton bud sticks, feminine hygiene items and others disposed of via toilets)', 's': 'Sewage-related Items', 'i': '21B#9'}, {'v': 'Natural disaster/hazard related debris', 's': 'Natural Disaster / Hazard Debris', 'i': '21B#10'}, {'v': 'Polystyrene items', 's': 'Polystyrene Items', 'i': '21B#11'}, {'v': 'All of the above', 's': 'All of the Above', 'i': '21B#12'}, {'v': 'Not applicable', 's': 'Not Applicable', 'i': '21B#13'}, {'v': 'Other', 's': 'Other', 'i': '21B#14'}]","[21B#0] Bottles||[21B#1] Plastic Bags||[21B#2] Food Packaging||[21B#3] Non-food Packaging||[21B#4] Smoking Litter||[21B#5] Fishing Items||[21B#6] Shipping Items||[21B#7] Cups||[21B#8] Plastic Straws, Stirrers, Cutlery||[21B#9] Sewage-related Items||[21B#10] Natural Disaster / Hazard Debris||[21B#11] Polystyrene Items||[21B#12] All of the Above||[21B#13] Not Applicable||[21B#14] Other"
21BI,,,"21.b.i. If you selected Other, please specify:",Type of Macroplastics Contaminants Target Other,OTHER,[],
21C,,,21.c. What type of microplastic contaminant does the action target?,Type of Microplastics Contaminants Target,OPTIONS,"[{'v': 'Microbeads used in cosmetics', 's': 'Microbeads Used in Cosmetics', 'i': '21C#0'}, {'v': 'Microplastics used in other products e.g. paints', 's': 'Microplastics Used in Other Products', 'i': '21C#1'}, {'v': 'All of the above', 's': 'All of the Above', 'i': '21C#2'}, {'v': 'Not applicable', 's': 'Not Applicable', 'i': '21C#3'}, {'v': 'Other', 's': 'Other', 'i': '21C#4'}]",[21C#0] Microbeads Used in Cosmetics||[21C#1] Microplastics Used in Other Products||[21C#2] All of the Above||[21C#3] Not Applicable||[21C#4] Other
21CI,,,"21.c.i. If you selected Other, please specify:",Type of Microplastics Contaminants Target Other,OTHER,[],
22,,,22. Does your action target a specific sector? (Please tick all that apply),Sector Target,OPTIONS,"[{'v': 'Packaging', 's': 'Packaging', 'i': '22#0'}, {'v': 'Textiles', 's': 'Textiles', 'i': '22#1'}, {'v': 'Transportation', 's': 'Transportation', 'i': '22#2'}, {'v': 'Building, Construction, Demolition', 's': 'Building, Construction, Demolition', 'i': '22#3'}, {'v': 'Industrial Machinery', 's': 'Industrial Machinery', 'i': '22#4'}, {'v': 'Automotive', 's': 'Automotive', 'i': '22#5'}, {'v': 'Electrical and Electronics', 's': 'Electrical and Electronics', 'i': '22#6'}, {'v': 'Agriculture', 's': 'Agriculture', 'i': '22#7'}, {'v': 'Fisheries', 's': 'Fisheries', 'i': '22#8'}, {'v': 'Aquaculture', 's': 'Aquaculture', 'i': '22#9'}, {'v': 'Food & Beverages', 's': 'Food & Beverages', 'i': '22#10'}, {'v': 'Personal Healthcare', 's': 'Personal Healthcare', 'i': '22#11'}, {'v': 'Medical', 's': 'Medical', 'i': '22#12'}, {'v': 'Retail', 's': 'Retail', 'i': '22#13'}, {'v': 'Tourism', 's': 'Tourism', 'i': '22#14'}, {'v': 'Wastewater/Sewage management', 's': 'Wastewater Management', 'i': '22#15'}, {'v': 'All of the above', 's': 'All of the Above', 'i': '22#16'}, {'v': 'Not applicable', 's': 'Not Applicable', 'i': '22#17'}, {'v': 'Other', 's': 'Other', 'i': '22#18'}]","[22#0] Packaging||[22#1] Textiles||[22#2] Transportation||[22#3] Building, Construction, Demolition||[22#4] Industrial Machinery||[22#5] Automotive||[22#6] Electrical and Electronics||[22#7] Agriculture||[22#8] Fisheries||[22#9] Aquaculture||[22#10] Food & Beverages||[22#11] Personal Healthcare||[22#12] Medical||[22#13] Retail||[22#14] Tourism||[22#15] Wastewater Management||[22#16] All of the Above||[22#17] Not Applicable||[22#18] Other"
22A,,,"22.a. If you selected Other, please specify:",Sector Target Other,OTHER,[],
23,,,"23. How much money (amount) has been invested in the action so far? (please give us an estimate if you’re unsure and only submit numbers, e.g, 5,000 should be entered as 5000)",Action Invested Value,NUMBER,[],
24,,,24. Please specify the currency.,Action Invested Value Currency,FREE,[],
25,,,"25. Are there in kind contributions as well? (Please tell us the equivalent amount and only submit numbers, e.g, 5,000 should be entered as 5000).",Other Contribution Invested Value,NUMBER,[],
26,,,26. Please specify the currency,Other Contribution Invested Currency,FREE,[],
27,,,27. What funding sources did you use?,Source Funding,OPTIONS,"[{'v': 'Crowdfunded', 's': 'Crowdfunded', 'i': '27#0'}, {'v': 'Voluntary donations', 's': 'Voluntary Donations', 'i': '27#1'}, {'v': 'Public Financing', 's': 'Public Financing', 'i': '27#2'}, {'v': 'Private Sector', 's': 'Private Sector', 'i': '27#3'}, {'v': 'Mixed', 's': 'Mixed', 'i': '27#4'}, {'v': 'All of the above', 's': 'All of the Above', 'i': '27#5'}, {'v': 'Not applicable', 's': 'Not Applicable', 'i': '27#6'}, {'v': 'Other', 's': 'Other', 'i': '27#7'}]",[27#0] Crowdfunded||[27#1] Voluntary Donations||[27#2] Public Financing||[27#3] Private Sector||[27#4] Mixed||[27#5] All of the Above||[27#6] Not Applicable||[27#7] Other
27A,,,"27.a. If you selected Other, please specify:",Source Funding Other,OTHER,[],
27B,,,27.b. Please name the specific source(s) of funding?,Source Funding Name,FREE,[],
28,,,28. Is your action a one-off activity or continuous?,Activity / Action Time,OPTIONS,"[{'v': 'Single event', 's': 'Single Event', 'i': '28#0'}, {'v': 'Continuous activity less than one year', 's': 'Less than 1 Year', 'i': '28#1'}, {'v': 'Continuous activity 1-3 Years', 's': '1-3 Years', 'i': '28#2'}, {'v': 'Continuous activity more than 3 Years long', 's': 'More than 3 Years', 'i': '28#3'}, {'v': 'Not applicable', 's': 'Not Applicable', 'i': '28#4'}, {'v': 'Other', 's': 'Other', 'i': '28#5'}]",[28#0] Single Event||[28#1] Less than 1 Year||[28#2] 1-3 Years||[28#3] More than 3 Years||[28#4] Not Applicable||[28#5] Other
28A,,,"28.a. If you selected Other, please specify:",Activity / Action Time Other,OTHER,[],
29,,,"29. In the boxes below, please provide i.e. copy and paste links, URL's, website links etc to documents about your action. We are interested in websites, reports, images, media articles etc. Please place only one link per box provided. If you have no documents to share, please write 'I have no links to provide' in the first box. You can also email documents and images - as attachments - to marinelitterstocktake@plymouth.ac.uk",Action Links 1,LINKS,[],
29A,,,29.a. Another Link,Action Links 2,LINKS,[],
29B,,,29.b. Another link to information:,Action Links 3,LINKS,[],
29C,,,29.c. Another link to information,Action Links 4,LINKS,[],
29D,,,29.d. Another link to information,Action Links 5,LINKS,[],
29E,,,29.e. Another link to information,Action Links 6,LINKS,[],
30,,,30. Is there anything more that you would like to tell us about your action/activity? Please use the box below.,Action / Activity Description,FREE,[],
31,,,31. Are you engaging with stakeholders (including groups of the public and other stakeholders) as part of the action?,Action / Activity Stakeholder Engagement,OPTIONS,"[{'v': 'Yes', 's': 'Yes', 'i': '31#0'}, {'v': 'No', 's': 'No', 'i': '31#1'}, {'v': 'Not Applicable', 's': 'Not Applicable', 'i': '31#2'}]",[31#0] Yes||[31#1] No||[31#2] Not Applicable
31A,,,31.a. Does the stakeholder engagement involve (please tick all that apply):,Action / Activity Stakeholder Engagement Involvement,OPTIONS,"[{'v': 'Giving information to stakeholders (e.g., leaflets, posters)', 's': 'Giving Information to Stakeholders', 'i': '31A#0'}, {'v': 'Consulting with stakeholders interactively (e.g., workshops)', 's': 'Consulting with Stakeholders Interactively', 'i': '31A#1'}, {'v': 'Seeking feedback from stakeholders (e.g. online)', 's': 'Seeking Feedback from Stakeholders', 'i': '31A#2'}, {'v': 'Co-creating the action with stakeholders from the start', 's': 'Co-creating with Stakeholders from the Start', 'i': '31A#3'}, {'v': 'Other', 's': 'Other', 'i': '31A#4'}]",[31A#0] Giving Information to Stakeholders||[31A#1] Consulting with Stakeholders Interactively||[31A#2] Seeking Feedback from Stakeholders||[31A#3] Co-creating with Stakeholders from the Start||[31A#4] Other
31AI,,,"31.a.i. If you selected Other, please specify:",Action / Activity Stakeholder Engagement Involvement Other,OTHER,[],
31B,,,"31.b. How many different groups and organisations (e.g. 20 retailers, 150 schools) have you engaged with in total? (Please estimate)",Number of Groups / Organisation Engagement,NUMBER,[],
31C,,,31.c. How many stakeholders (number of individuals) have you engaged in total? (Please estimate),Number of Stakeholders / Individuals Engagement,NUMBER,[],
